price,brand
₹529,SKYBAGS
₹405,Jeton
₹529,WROGN
₹739,WROGN
₹591,Roadster
₹629,SKYBAGS
₹851,PROVOGUE
₹409,Jeton
₹491,WROGN
₹491,WROGN
₹776,PROVOGUE
₹789,SKYBAGS
₹659,SKYBAGS
₹649,aob
₹839,SKYBAGS
₹649,SAFARI
₹739,WROGN
₹776,PROVOGUE
₹229,Arctic Fox
₹529,SKYBAGS
₹599,Roadster
₹491,WROGN
₹747,PROVOGUE
₹533,Keywin
"₹1,500",Wildcraft
₹248,PLEXY
₹636,Roadster
₹579,SKYBAGS
₹851,PROVOGUE
₹747,PROVOGUE
₹591,Roadster
₹719,SAFARI
₹249,Mi
₹591,Roadster
"₹1,149",AMERICAN TOURISTER
₹506,Keywin
₹419,Roadster
₹776,PROVOGUE
₹394,zikrefast
₹721,GOLD SKY
